,City,Latitude,Longitude,Temperature,Wind Speed (mph),Humidity (%),Cloudiness (%),Country,Date,Max Temperature (F)
0,Poum,41.28,20.71,10.4,6.93,85,40,MK,1547350200,10.4
1,Guadalupe y Calvo,26.09,-106.96,34.74,1.81,69,0,MX,1547352054,34.74
2,Pundaguitan,6.37,126.17,80.73,5.1,100,92,PH,1547352054,80.73
3,Umm Bab,25.21,50.81,54.5,6.93,87,20,QA,1547348160,54.5
4,Victoria,5.28,115.24,84.99,4.7,74,75,BN,1547348400,86.0
5,Carutapera,-1.2,-46.02,76.59,6.73,96,92,BR,1547351218,76.59
6,Lebu,8.96,38.73,30.06,2.98,53,0,ET,1547351054,30.06
7,Fairmont,40.64,-97.59,25.41,9.17,96,90,US,1547350500,27.14
8,Huarmey,-10.07,-78.15,62.19,4.21,91,0,PE,1547351980,62.19
9,Norman Wells,65.28,-126.83,-36.41,6.93,65,40,CA,1547348400,-36.41
10,Maragogi,-9.01,-35.22,73.89,5.1,100,92,BR,1547352043,73.89
11,Bluff,-23.58,149.07,91.98,10.92,42,0,AU,1547352056,91.98
12,Hobart,-42.88,147.33,71.6,16.11,33,0,AU,1547350200,71.6
13,Mar del Plata,-46.43,-67.52,55.98,5.99,48,0,AR,1547351874,55.98
14,Ushuaia,-54.81,-68.31,44.6,28.86,70,75,AR,1547348400,44.6
15,Lavrentiya,65.58,-170.99,-11.08,28.7,92,8,RU,1547351278,-11.08
16,Zhangjiakou,40.77,114.88,18.18,4.09,43,0,CN,1547352057,18.18
17,Bellevue,47.61,-122.19,41.5,2.75,85,1,US,1547351580,50.0
18,New Norfolk,-42.78,147.06,71.6,16.11,33,0,AU,1547350200,71.6
19,Chuy,-33.69,-53.46,70.2,12.03,90,88,UY,1547351223,70.2
20,Hambantota,6.12,81.12,77.0,8.05,94,90,LK,1547349000,77.0
21,Tasiilaq,65.61,-37.64,17.6,1.12,67,36,GL,1547347800,17.6
22,Taoudenni,22.68,-3.98,45.72,13.6,28,0,ML,1547350802,45.72
23,Bredasdorp,-34.53,20.04,62.6,9.17,67,24,ZA,1547348400,62.6
24,Hovd,63.83,10.7,32.95,6.93,91,90,NO,1547347800,33.8
25,Songjianghe,42.18,127.48,17.46,3.6,77,12,CN,1547352062,17.46
26,Thompson,55.74,-97.86,14.0,8.05,85,90,CA,1547350620,14.0
27,Busselton,-33.64,115.35,72.36,18.07,86,0,AU,1547352062,72.36
28,Saint George,39.45,22.34,31.96,3.38,86,20,GR,1547351400,33.8
29,Iquique,-20.22,-70.14,71.6,6.93,64,0,CL,1547348400,71.6
30,Bethel,60.79,-161.76,-7.3,17.22,82,40,US,1547348160,-4.01
31,Atuona,-9.8,-139.03,80.19,15.84,100,68,PF,1547352064,80.19
32,Chokurdakh,70.62,147.9,-24.22,8.23,37,80,RU,1547352064,-24.22
33,Rikitea,-23.12,-134.97,79.29,13.6,99,80,PF,1547352064,79.29
34,Hervey Bay,-25.3,152.85,87.8,21.92,48,0,AU,1547348400,87.8
35,Kruisfontein,-34.0,24.73,60.66,6.89,92,0,ZA,1547350809,60.66
36,Tiksi,71.64,128.87,-29.44,3.83,48,24,RU,1547351136,-29.44
37,Ciudad Bolivar,8.12,-63.55,80.73,14.27,60,32,VE,1547352065,80.73
38,Kapaa,22.08,-159.32,78.1,5.82,68,1,US,1547348160,78.98
39,Kota Belud,6.35,116.43,89.6,5.82,62,75,MY,1547350200,89.6
40,Cherskiy,68.75,161.3,-17.65,1.81,52,44,RU,1547350890,-17.65
41,Punta Arenas,-53.16,-70.91,46.4,29.97,65,75,CL,1547348400,46.4
42,Mataura,-46.19,168.86,59.49,8.75,86,76,NZ,1547352066,59.49
43,Fortuna,38.18,-1.13,39.2,9.17,59,0,ES,1547350200,41.0
44,Sambava,-14.27,50.17,78.48,7.78,100,68,MG,1547352067,78.48
45,Hermanus,-34.42,19.24,57.69,9.42,81,32,ZA,1547352068,57.69
46,Verkhoyansk,67.55,133.39,-50.23,2.59,0,12,RU,1547352068,-50.23
47,Airai,-8.93,125.41,87.93,1.97,51,12,TL,1547351052,87.93
48,Toktogul,41.87,72.95,0.72,3.27,80,0,KG,1547352068,0.72
49,Ashington,55.18,-1.57,48.6,32.21,81,75,GB,1547347800,51.8
50,Sitka,37.17,-99.65,28.26,9.31,91,20,US,1547350888,28.26
51,Bilibino,68.06,166.44,-27.37,2.3,0,20,RU,1547352069,-27.37
52,Esperance,10.24,-61.45,73.4,5.99,88,20,TT,1547348400,73.4
53,Lompoc,34.64,-120.46,51.98,2.75,89,1,US,1547349300,55.04
54,Barrow,-38.31,-60.23,63.54,10.13,97,88,AR,1547352070,63.54
55,Ponta do Sol,-20.63,-46.0,67.23,3.38,88,32,BR,1547352070,67.23
56,Salaga,8.55,-0.52,74.52,3.09,64,20,GH,1547352071,74.52
57,Albany,42.65,-73.75,12.99,5.82,53,75,US,1547351520,17.06
58,Margate,-43.03,147.26,71.6,16.11,33,0,AU,1547350200,71.6
59,Abejorral,5.79,-75.43,57.2,2.24,100,75,CO,1547348400,57.2
60,Kavieng,-2.57,150.8,82.98,11.77,100,48,PG,1547352072,82.98
61,Lasa,34.92,32.53,55.92,11.41,66,75,CY,1547350200,57.2
62,Cururupu,-1.82,-44.87,74.16,4.09,98,56,BR,1547351358,74.16
63,Karema,-6.82,30.44,63.99,2.08,99,88,TZ,1547352072,63.99
64,Banjar,-7.37,108.54,82.08,3.76,77,48,ID,1547352072,82.08
65,Puerto Tejada,3.23,-76.42,73.4,13.87,69,20,CO,1547348400,73.4
66,Butaritari,3.07,172.79,82.98,7.56,100,56,KI,1547352073,82.98
67,Kisangani,0.52,25.21,72.99,3.76,98,48,CD,1547352073,72.99
68,Ust-Nera,64.57,143.24,-43.57,1.97,0,12,RU,1547351546,-43.57
69,Njombe,-9.34,34.77,61.38,2.75,96,92,TZ,1547352074,61.38
70,Jieshi,22.82,115.83,65.88,12.37,83,0,CN,1547352074,65.88
71,Eureka,40.8,-124.16,51.39,4.7,100,1,US,1547350500,51.8
72,Adrar,27.87,-0.29,37.4,9.17,44,0,DZ,1547348400,37.4
73,Khani,41.96,42.96,48.2,6.93,39,0,GE,1547350200,48.2
74,Gizo,31.8,34.94,50.43,5.82,61,0,IL,1547349600,53.6
75,Campoverde,41.54,12.73,33.84,4.7,64,0,IT,1547349600,35.6
76,Paranhos,-23.89,-55.43,77.22,7.0,72,64,PY,1547352075,77.22
77,Jamestown,-33.21,138.6,89.46,9.24,25,0,AU,1547352076,89.46
78,Port Elizabeth,39.31,-74.98,26.89,4.7,84,90,US,1547351640,26.96
79,Castro,-42.48,-73.76,42.8,5.82,93,0,CL,1547348400,42.8
80,Lakatoro,-16.11,167.42,85.32,0.85,80,56,VU,1547352077,85.32
81,Solok,-0.79,100.66,86.0,4.7,74,20,ID,1547350200,86.0
82,Tenerife,9.9,-74.86,80.82,9.86,71,0,CO,1547352077,80.82
83,Mago,53.27,140.15,2.79,2.75,57,0,RU,1547352078,2.79
84,Port Alfred,-33.59,26.89,67.41,7.74,92,32,ZA,1547352078,67.41
85,Puerto Guzman,-14.32,-67.54,67.41,2.04,98,36,BO,1547352078,67.41
86,Bingol,38.88,40.49,17.6,3.36,85,75,TR,1547347800,17.6
87,Celestun,20.87,-90.4,74.61,16.46,97,0,MX,1547351627,74.61
88,Mount Isa,-20.73,139.49,102.2,18.34,20,0,AU,1547351280,102.2
89,Coahuayana,18.62,-100.35,62.46,2.48,78,12,MX,1547352079,62.46
90,Atambua,-9.11,124.89,86.22,7.4,88,0,ID,1547352079,86.22
91,Ponta Delgada,37.73,-25.67,59.0,11.41,72,75,PT,1547348400,59.0
92,Saint-Philippe,45.36,-73.48,-1.13,2.98,87,1,CA,1547350500,3.2
93,Kaitangata,-46.28,169.85,56.07,5.06,100,100,NZ,1547352080,56.07
94,Boden,65.83,21.69,14.0,2.37,78,20,SE,1547349600,14.0
95,Hilo,19.71,-155.08,75.02,6.93,66,40,US,1547347980,75.02
96,Ilulissat,69.22,-51.1,-7.61,4.7,52,75,GL,1547347800,-7.61
97,La Paz,24.15,-110.32,66.2,6.93,82,5,MX,1547347200,66.2
98,Beyneu,45.32,55.19,27.27,8.52,91,8,KZ,1547351361,27.27
99,Viransehir,37.24,39.76,35.73,11.77,92,92,TR,1547351518,35.73
100,Vitim,59.44,112.57,-6.13,2.53,56,48,RU,1547351384,-6.13
101,Portland,45.52,-122.67,42.49,13.87,57,75,US,1547348160,46.04
102,Hualmay,-11.1,-77.61,64.62,6.29,95,0,PE,1547352083,64.62
103,Umm Lajj,25.02,37.27,69.39,8.23,100,76,SA,1547352083,69.39
104,Dingle,11.0,122.67,81.99,14.05,72,48,PH,1547351215,81.99
105,Flin Flon,54.77,-101.88,14.04,5.32,83,64,CA,1547352034,14.04
106,Plainview,34.18,-101.71,33.26,5.82,77,1,US,1547350500,33.98
107,Khatanga,71.98,102.47,-29.53,7.11,49,64,RU,1547351058,-29.53
108,Yellowknife,62.45,-114.38,-14.81,8.05,75,5,CA,1547348400,-14.81
109,Magistralnyy,56.17,107.45,-1.99,4.5,67,48,RU,1547352085,-1.99
110,Nanortalik,60.14,-45.24,30.06,20.38,94,92,GL,1547350636,30.06
111,Guadalajara,40.63,-3.16,25.79,1.12,100,0,ES,1547350200,26.6
112,Kuusamo,65.96,29.19,15.8,10.29,85,0,FI,1547349600,15.8
113,Cidreira,-30.17,-50.22,73.62,13.94,90,64,BR,1547350626,73.62
114,Qaanaaq,77.48,-69.36,-22.87,10.92,66,0,GL,1547352087,-22.87
115,Hithadhoo,-0.6,73.08,81.36,5.21,100,8,MV,1547352087,81.36
116,Okhotsk,59.36,143.24,-2.53,9.08,100,0,RU,1547352088,-2.53
117,Sao Filipe,14.9,-24.5,71.28,9.08,100,20,CV,1547352088,71.28
118,Agdam,39.99,46.93,22.59,4.54,44,0,AZ,1547352088,22.59
119,San Cristobal,-0.39,-78.55,50.56,3.36,100,90,EC,1547348400,55.4
120,Carballo,43.21,-8.69,43.54,4.7,76,0,ES,1547350200,48.2
121,Half Moon Bay,37.46,-122.43,55.71,4.7,80,1,US,1547351580,59.0
122,Yushan,31.68,118.49,41.0,4.47,75,75,CN,1547348400,41.0
123,Riyadh,24.63,46.72,53.6,3.36,30,0,SA,1547348400,53.6
124,Boueni,-12.9,45.08,82.4,11.41,83,88,YT,1547350200,82.4
125,Leshukonskoye,64.9,45.76,22.59,8.9,80,80,RU,1547352091,22.59
126,Port Blair,11.67,92.75,83.25,12.77,98,0,IN,1547351923,83.25
127,Kushiro,43.11,144.15,26.6,3.36,53,20,JP,1547348400,26.6
128,Kargasok,59.06,80.87,-10.99,7.0,75,36,RU,1547351525,-10.99
129,Meulaboh,4.14,96.13,79.56,4.5,100,56,ID,1547351520,79.56
130,Namibe,-15.19,12.15,72.63,8.75,100,0,AO,1547352092,72.63
131,Provideniya,64.42,-173.23,-9.91,20.2,100,8,RU,1547352093,-9.91
132,East London,-33.02,27.91,62.6,3.36,88,0,ZA,1547348400,62.6
133,Arroyo,41.39,-78.88,22.71,6.93,58,90,US,1547351580,24.8
134,Bambous Virieux,-20.34,57.76,80.6,11.41,78,40,MU,1547348400,80.6
135,Pangnirtung,66.15,-65.72,-32.86,3.04,58,8,CA,1547352094,-32.86
136,Petrovskoye,56.26,36.47,17.6,8.95,92,90,RU,1547350200,17.6
137,Klaksvik,62.23,-6.59,41.0,14.99,93,92,FO,1547349600,41.0
138,Peleduy,59.63,112.75,-6.13,2.53,56,48,RU,1547352096,-6.13
139,Somerset East,-32.72,25.59,53.1,1.74,95,0,ZA,1547352096,53.1
140,Ahipara,-35.17,173.16,73.35,10.36,69,68,NZ,1547351386,73.35
141,Talnakh,69.49,88.39,-28.99,14.05,46,68,RU,1547351375,-28.99
142,Souillac,45.6,-0.6,47.19,5.82,93,90,FR,1547350200,48.2
143,Nikolskoye,59.7,30.79,24.8,13.42,92,90,RU,1547350200,24.8
144,Leningradskiy,69.38,178.42,-17.65,8.63,100,20,RU,1547352097,-17.65
145,Ribeira Grande,38.52,-28.7,62.01,21.39,97,32,PT,1547352098,62.01
146,Novikovo,45.05,34.56,26.46,4.09,100,8,UA,1547352098,26.46
147,Pontianak,-0.02,109.34,86.0,4.7,70,75,ID,1547350200,86.0
148,Kabare,-1.65,29.38,55.62,3.2,100,44,RW,1547352098,55.62
149,Freising,48.4,11.74,34.52,16.11,100,75,DE,1547351400,35.6
150,Havelock,34.88,-76.9,42.44,6.93,96,90,US,1547348940,42.98
151,Havoysund,71.0,24.66,30.2,21.92,80,56,NO,1547349600,30.2
152,Katsuura,33.93,134.5,48.02,12.75,53,40,JP,1547348400,50.0
153,Beringovskiy,63.05,179.32,-7.39,26.42,92,32,RU,1547351052,-7.39
154,Laurinburg,34.77,-79.46,38.86,10.29,72,90,US,1547351700,42.98
155,Portobelo,9.55,-79.65,76.12,2.24,78,0,PA,1547348400,77.0
156,Vaini,15.34,74.49,70.72,6.93,56,0,IN,1547348400,71.6
157,Pacific Grove,36.62,-121.92,53.91,4.09,81,90,US,1547350200,55.04
158,Kamenka,53.19,44.05,9.81,11.14,80,68,RU,1547351301,9.81
159,Sumenep,-7.02,113.87,80.46,2.75,100,48,ID,1547352101,80.46
160,Cape Town,-33.93,18.42,62.6,10.29,93,40,ZA,1547348400,62.6
161,Trairi,-3.28,-39.27,82.17,5.21,100,92,BR,1547351543,82.17
162,Grand Island,40.92,-98.34,24.24,9.17,96,90,US,1547350500,24.98
163,Ginir,7.14,40.71,41.49,3.6,60,0,ET,1547352102,41.49
164,Gangapur,19.7,75.01,59.0,1.59,58,0,IN,1547348400,59.0
165,Sile,35.56,-106.37,34.84,4.61,80,75,US,1547351400,39.92
166,Srednekolymsk,67.46,153.71,-20.89,3.49,31,80,RU,1547352103,-20.89
167,Mahanoro,-19.9,48.8,74.88,2.53,97,68,MG,1547352103,74.88
168,Zykovo,55.24,40.35,15.12,11.1,85,88,RU,1547352104,15.12
169,Cimislia,46.52,28.78,26.6,4.7,79,90,MD,1547350200,26.6
170,Ewa Beach,21.32,-158.01,77.2,4.7,78,90,US,1547349660,80.06
171,Edd,13.93,41.69,52.47,4.38,54,0,ER,1547352104,52.47
172,Naze,5.43,7.07,72.0,6.62,88,12,NG,1547352105,72.0
173,Constitucion,23.99,-104.67,55.4,9.17,43,5,MX,1547347380,55.4
174,Siena,43.32,11.33,30.2,1.12,92,40,IT,1547349600,30.2
175,Avarua,-21.21,-159.78,80.6,10.29,83,75,CK,1547348400,80.6
176,Palora,-1.7,-77.97,61.92,2.37,100,88,EC,1547352106,61.92
177,La Libertad,-16.38,-71.56,53.6,3.36,87,75,PE,1547348400,53.6
178,Panaba,21.28,-88.27,69.66,6.62,69,0,MX,1547352106,69.66
179,Pevek,69.7,170.27,-23.68,4.72,71,0,RU,1547352107,-23.68
180,Banda Aceh,5.56,95.32,83.16,5.61,75,24,ID,1547352107,83.16
181,Kodiak,39.95,-94.76,30.33,13.87,95,90,US,1547350500,32.0
182,Port Hardy,50.7,-127.42,46.4,19.46,87,90,CA,1547348400,46.4
183,Skelleftea,64.75,20.95,12.2,4.7,92,32,SE,1547349600,12.2
184,Saskylakh,71.97,114.09,-55.9,4.27,0,0,RU,1547352108,-55.9
185,Broken Hill,-31.97,141.45,93.2,10.29,15,0,AU,1547348400,93.2
186,Koumac,-20.56,164.28,81.45,4.83,100,24,NC,1547352109,81.45
187,Dikson,73.51,80.55,-14.86,31.9,100,76,RU,1547351055,-14.86
188,Goderich,43.74,-81.71,14.85,11.14,88,24,CA,1547351190,14.85
189,Waingapu,-9.65,120.26,86.04,4.72,79,36,ID,1547352109,86.04
190,Narsaq,60.91,-46.05,32.0,8.05,84,80,GL,1547347800,32.0
191,Mandalgovi,45.76,106.27,2.88,9.75,57,8,MN,1547352110,2.88
192,Kahului,20.89,-156.47,76.15,5.82,62,40,US,1547348160,80.06
193,Kaka,37.35,59.62,25.02,4.5,66,0,TM,1547352110,25.02
194,San Lorenzo,-25.34,-57.51,80.6,5.82,78,0,PY,1547348400,80.6
195,Karimganj,24.86,92.37,63.72,3.83,83,0,IN,1547352112,63.72
196,Iwamizawa,43.18,141.79,23.0,14.99,53,20,JP,1547350200,23.0
197,Taltal,-25.41,-70.49,53.46,1.81,98,0,CL,1547352113,53.46
198,Tarabuco,-19.18,-64.92,53.73,2.53,100,56,BO,1547352113,53.73
199,Saldanha,41.42,-6.55,18.81,3.09,79,0,PT,1547352113,18.81
200,San Juan de Uraba,8.76,-76.53,81.45,13.6,100,12,CO,1547352114,81.45
201,Pak Phanang,8.35,100.2,84.2,10.29,79,75,TH,1547348400,84.2
202,Zhicheng,35.04,112.59,39.42,3.38,65,0,CN,1547352114,39.42
203,Johannesburg,-26.21,28.05,68.13,5.1,88,0,ZA,1547348400,69.8
204,Lakes Entrance,-37.88,147.99,75.6,14.16,73,0,AU,1547352115,75.6
205,Sisimiut,66.94,-53.67,-14.05,1.07,100,68,GL,1547352115,-14.05
206,Mahebourg,-20.41,57.7,80.6,11.41,78,40,MU,1547348400,80.6
207,Sangar,63.92,127.47,-26.83,6.62,41,32,RU,1547352113,-26.83
208,Henties Bay,-22.12,14.28,59.4,0.25,100,48,NA,1547352116,59.4
209,Padang,-0.92,100.36,86.0,3.36,74,20,ID,1547348400,86.0
210,Isangel,-19.55,169.27,79.38,4.76,100,64,VU,1547352116,79.38
211,Blagoyevo,63.37,47.92,16.83,7.9,78,88,RU,1547352116,16.83
212,Coari,-4.09,-63.14,77.49,3.09,90,20,BR,1547352117,77.49
213,Faanui,-16.48,-151.75,82.44,22.32,100,92,PF,1547352117,82.44
214,Talaya,55.79,84.89,-16.61,2.24,75,0,RU,1547350200,-16.61
215,Tekirdag,40.98,27.51,33.8,11.41,69,75,TR,1547349600,33.8
216,Zarnesti,45.3,26.87,3.78,2.59,52,0,RO,1547352118,3.78
217,Vao,59.1,26.19,14.85,4.5,86,12,EE,1547352118,14.85
218,Nadym,65.53,72.51,0.63,18.92,73,56,RU,1547352000,0.63
219,Kamakhyanagar,20.93,85.54,66.69,4.54,78,0,IN,1547352118,66.69
220,Los Llanos de Aridane,28.66,-17.92,59.0,8.05,62,0,ES,1547350200,59.0
221,Guerrero Negro,27.97,-114.04,57.42,4.05,95,64,MX,1547352119,57.42
222,Moletai,55.23,25.42,28.4,6.93,92,90,LT,1547350500,28.4
223,Vostok,46.45,135.83,16.29,3.04,64,0,RU,1547351544,16.29
224,Sturgis,44.41,-103.51,26.33,2.59,79,1,US,1547350500,26.6
225,Montrose,-37.81,145.34,79.81,17.22,41,0,AU,1547350200,80.6
226,Xingyi,24.19,102.82,60.66,3.49,66,0,CN,1547352120,60.66
227,Luang Prabang,19.89,102.14,71.6,2.24,88,90,LA,1547348400,71.6
228,Rapid Valley,44.06,-103.15,25.99,3.83,79,1,US,1547350500,26.6
229,Munchenbuchsee,47.02,7.45,36.48,8.05,100,75,CH,1547350200,42.8
230,Lososina,49.0,140.31,15.84,6.85,95,0,RU,1547352121,15.84
231,Havant,50.85,-0.98,48.67,12.75,87,40,GB,1547349600,50.0
232,Jiangyou,31.78,104.73,41.13,4.09,61,20,CN,1547352121,41.13
233,Kailua,21.39,-157.74,77.2,4.7,78,90,US,1547349660,80.06
234,Bakaly,55.18,53.8,30.33,12.37,89,88,RU,1547352122,30.33
235,Marihatag,8.8,126.3,78.93,11.32,100,64,PH,1547352122,78.93
236,Porto Novo,-23.68,-45.44,71.6,5.82,94,20,BR,1547348400,71.6
237,Yeppoon,-23.13,150.74,87.8,12.75,58,40,AU,1547350200,87.8
238,Severo-Kurilsk,50.68,156.12,33.3,17.36,95,80,RU,1547351337,33.3
239,Manokwari,-0.87,134.08,80.73,4.05,100,12,ID,1547351445,80.73
240,Namatanai,-3.66,152.44,82.89,17.47,100,88,PG,1547352123,82.89
241,Georgetown,6.8,-58.16,71.6,4.7,94,20,GY,1547348400,71.6
242,Nosy Varika,-20.58,48.53,76.5,3.04,100,88,MG,1547352124,76.5
243,Sola,62.78,29.36,14.0,3.36,92,0,FI,1547351400,14.0
244,Beloha,-25.17,45.06,72.63,3.71,94,80,MG,1547352125,72.63
245,Nouakchott,18.08,-15.98,57.2,6.93,11,0,MR,1547350200,57.2
246,Winton,-22.38,143.04,98.73,13.11,30,0,AU,1547352125,98.73
247,Tunduma,-9.31,32.77,61.11,2.86,99,88,ZM,1547352126,61.11
248,Port Lincoln,-34.72,135.86,73.98,14.61,69,0,AU,1547351315,73.98
249,Saint Anthony,43.97,-111.68,6.89,6.93,83,1,US,1547348160,10.04
250,Husavik,50.56,-96.99,18.63,10.65,93,80,CA,1547352126,18.63
251,Karratha,-20.74,116.85,108.54,10.54,15,8,AU,1547351900,108.54
252,Campo Maior,39.01,-7.07,26.64,6.29,72,0,ES,1547352127,26.64
253,May Pen,17.97,-77.26,78.8,5.82,69,20,JM,1547348400,78.8
254,Altagracia de Orituco,9.86,-66.38,74.07,12.82,74,0,VE,1547352127,74.07
255,Suntar,62.16,117.65,-12.16,4.38,77,48,RU,1547352127,-12.16
256,Lokosovo,61.13,74.84,-1.45,14.38,70,92,RU,1547352128,-1.45
257,Terrace Bay,48.78,-87.1,13.68,6.78,100,0,CA,1547352128,13.68
258,Viedma,-40.81,-62.99,68.58,4.61,42,0,AR,1547352128,68.58
259,La Union,14.97,-89.29,58.77,1.97,94,8,GT,1547352129,58.77
260,Cayenne,4.94,-52.33,73.4,7.56,94,75,GF,1547350200,73.4
261,Najran,17.54,44.22,50.0,2.48,77,0,SA,1547348400,50.0
262,Alamogordo,32.9,-105.96,43.48,9.17,60,1,US,1547350500,46.58
263,Kalyazin,57.24,37.84,21.96,6.73,90,80,RU,1547352129,21.96
264,Bensonville,6.45,-10.61,75.2,3.09,100,20,LR,1547350200,75.2
265,Locri,38.24,16.26,50.0,6.93,53,40,IT,1547348100,50.0
266,Kochevo,42.1,24.92,18.77,4.7,85,0,BG,1547350200,23.0
267,Grindavik,63.84,-22.43,33.8,16.11,80,20,IS,1547350200,33.8
268,Iqaluit,63.75,-68.52,-23.81,14.99,67,5,CA,1547348400,-23.81
269,Prado,-17.34,-39.22,81.0,11.1,91,48,BR,1547352132,81.0
270,Batouri,4.44,14.36,63.81,2.53,78,8,CM,1547352132,63.81
271,Puerto Ayora,-0.74,-90.35,76.68,10.54,99,20,EC,1547351847,76.68
272,Shimoda,34.7,138.93,50.0,18.34,53,20,JP,1547348400,50.0
273,Lahaina,20.87,-156.68,76.23,9.17,65,40,US,1547348160,80.06
274,Sept-Iles,50.2,-66.38,12.2,9.17,66,5,CA,1547348400,12.2
275,Ishigaki,24.34,124.16,69.8,13.87,77,75,JP,1547348400,69.8
276,Maniitsoq,65.42,-52.9,6.84,5.84,100,44,GL,1547351324,6.84
277,Parry Sound,45.34,-80.04,-7.3,2.75,61,0,CA,1547352134,-7.3
278,Geraldton,49.72,-86.95,-13.01,3.2,69,5,CA,1547348400,-13.01
279,Broome,52.47,1.45,50.72,20.8,81,80,GB,1547349600,51.8
280,Talara,-4.58,-81.27,74.34,9.8,75,20,PE,1547351905,74.34
281,Tabuk,17.41,121.44,74.34,2.37,64,20,PH,1547352135,74.34
282,Petauke,-14.25,31.33,66.24,4.88,99,92,ZM,1547352135,66.24
283,Chiesanuova,43.91,12.42,31.71,4.7,69,88,IT,1547349600,33.8
284,Tazovskiy,67.47,78.7,-5.5,20.94,70,88,RU,1547351623,-5.5
285,Sanghar,28.18,68.31,50.0,3.09,87,32,PK,1547348400,50.0
286,Comodoro Rivadavia,-45.87,-67.48,64.4,10.29,25,0,AR,1547348400,64.4
287,Bundaberg,-24.87,152.35,87.8,21.92,48,0,AU,1547348400,87.8
288,Ormara,25.21,64.64,63.81,9.64,93,48,PK,1547352136,63.81
289,Kreminna,49.05,38.22,21.24,9.53,90,76,UA,1547352137,21.24
290,Santa Marta,11.24,-74.21,82.4,9.17,61,20,CO,1547348400,82.4
291,Mecca,21.43,39.83,56.52,1.97,79,0,SA,1547351960,56.52
292,Tateyama,36.66,137.31,46.4,4.7,52,40,JP,1547348400,46.4
293,Paredon,-18.93,-65.16,51.39,2.26,91,76,BO,1547352138,51.39
294,Tuatapere,-46.13,167.69,58.68,10.87,86,8,NZ,1547352138,58.68
295,Nipawin,53.36,-104.02,8.6,6.93,92,1,CA,1547348400,8.6
296,Agua Dulce,18.14,-94.15,72.36,8.08,94,12,MX,1547352139,72.36
297,Minab,27.15,57.07,53.6,2.24,50,0,IR,1547350200,53.6
298,Zhigansk,66.77,123.37,-18.46,10.13,54,32,RU,1547352139,-18.46
299,Mayya,61.74,130.28,-43.61,4.47,57,12,RU,1547350200,-43.61
300,Baykit,61.68,96.39,-35.47,3.04,0,0,RU,1547352140,-35.47
301,Phibun Mangsahan,15.24,105.23,82.4,2.24,61,0,TH,1547348400,82.4
302,Puerto Palomas,31.78,-107.63,42.08,5.82,50,1,US,1547347980,42.08
303,San Andres,13.32,122.68,80.64,19.64,96,24,PH,1547351985,80.64
304,Nishihara,35.74,139.53,47.88,9.17,45,20,JP,1547350200,48.2
305,Gravdal,59.79,5.78,42.44,17.22,87,92,NO,1547349600,44.6
306,Olga,34.11,-118.17,53.02,1.48,79,1,US,1547351580,57.92
307,San Quintin,17.54,120.52,79.11,3.53,62,0,PH,1547352141,79.11
308,Tuktoyaktuk,69.44,-133.03,-31.01,10.29,66,20,CA,1547348400,-31.01
309,Burnie,-41.05,145.91,65.16,12.33,95,8,AU,1547351549,65.16
310,Lata,30.78,78.62,32.04,1.59,100,92,IN,1547352142,32.04
311,Cairns,-16.92,145.77,87.8,17.22,58,56,AU,1547350200,87.8
312,Kuryk,43.18,51.68,42.84,2.48,98,92,KZ,1547352142,42.84
313,Albina,5.5,-54.06,76.41,3.31,79,32,GF,1547352143,76.41
314,Ampanihy,-24.69,44.75,71.46,3.04,92,76,MG,1547352143,71.46
315,Iskateley,67.68,53.15,15.21,17.47,84,76,RU,1547352143,15.21
316,Irbeyskoye,55.64,95.45,-9.1,7.52,66,32,RU,1547352144,-9.1
317,Santa Fe,-31.62,-60.7,72.36,8.23,83,36,AR,1547351954,72.36
318,Sarai Mir,26.02,82.92,57.2,5.82,82,40,IN,1547350200,57.2
319,Sapozhok,53.94,40.68,13.32,11.43,86,88,RU,1547352145,13.32
320,Millinocket,45.66,-68.71,1.13,16.11,65,1,US,1547351580,3.92
321,Nisia Floresta,-6.09,-35.21,77.85,5.82,78,75,BR,1547348400,78.8
322,Yendi,9.45,0.0,67.5,4.09,50,24,GH,1547352146,67.5
323,Tyukalinsk,55.87,72.2,7.74,15.61,83,88,RU,1547352052,7.74
324,San Rafael,-34.61,-68.33,63.36,5.21,41,56,AR,1547352147,63.36
325,Bowen,-20.01,148.25,84.2,21.92,66,75,AU,1547348400,84.2
326,Prince Albert,53.2,-105.75,3.2,2.86,84,20,CA,1547348400,3.2
327,Lismore,-28.81,153.28,86.56,12.75,45,40,AU,1547348400,89.6
328,Bonthe,7.53,-12.5,79.92,5.55,83,44,SL,1547352147,79.92
329,Ferrol,43.48,-8.23,43.2,4.7,76,0,ES,1547350200,48.2
330,Vestmannaeyjar,63.44,-20.27,34.92,10.92,100,36,IS,1547352148,34.92
331,Plettenberg Bay,-34.05,23.37,64.35,5.73,100,0,ZA,1547352148,64.35
332,Kieta,-6.22,155.63,84.51,3.76,89,80,PG,1547352149,84.51
333,Koltubanovskiy,52.94,52.03,26.64,11.92,91,88,RU,1547352149,26.64
334,Buriti,-28.3,-54.4,70.83,7.0,94,8,BR,1547352149,70.83
335,Atlantis,-33.57,18.5,62.6,10.29,93,40,ZA,1547348400,62.6
336,Cabo San Lucas,22.89,-109.91,67.01,2.37,82,20,MX,1547347380,68.0
337,Teahupoo,-17.83,-149.27,78.8,10.29,83,90,PF,1547350200,78.8
338,Alofi,-19.06,-169.92,84.2,12.75,74,48,NU,1547348400,84.2
339,Ixtapa,20.71,-105.21,75.2,1.36,100,5,MX,1547347380,75.2
340,Noyabrsk,63.2,75.45,-4.6,20.42,67,80,RU,1547352055,-4.6
341,Sol-Iletsk,51.16,55.0,29.7,14.38,92,88,RU,1547352151,29.7
342,Lyuban,52.8,28.0,24.75,9.86,95,80,BY,1547352151,24.75
343,Barbacoas,1.67,-78.14,71.73,1.07,100,100,CO,1547352151,71.73
344,Nemuro,43.32,145.57,24.8,4.7,58,20,JP,1547348400,24.8
345,Nuuk,64.17,-51.74,24.8,2.24,85,75,GL,1547347800,24.8
346,Kitui,-1.37,38.02,55.62,4.27,63,0,KE,1547352152,55.62
347,Carnarvon,-30.97,22.13,50.31,6.22,94,0,ZA,1547352152,50.31
348,Aosta,45.74,7.32,26.89,1.12,100,32,IT,1547349600,33.8
349,Shilovo,51.55,39.09,14.0,4.47,85,75,RU,1547350200,14.0
350,Annecy-le-Vieux,45.92,6.14,36.21,2.24,93,75,FR,1547350200,37.4
351,Clyde River,70.47,-68.59,-34.61,5.82,73,1,CA,1547348400,-34.61
352,Nhulunbuy,-12.18,136.78,87.8,12.75,70,75,AU,1547350200,87.8
353,Necochea,-38.55,-58.74,64.08,9.57,95,76,AR,1547352047,64.08
354,Vanimo,-2.67,141.3,82.8,17.13,100,48,PG,1547352154,82.8
355,Scarborough,54.28,-0.41,51.8,18.34,76,92,GB,1547347800,51.8
356,Komsomolskiy,67.55,63.78,5.22,15.17,82,68,RU,1547351304,5.22
357,Kiama,-34.67,150.86,76.59,6.11,75,32,AU,1547352154,76.59
358,Mapimi,25.82,-103.85,62.6,4.7,48,5,MX,1547347320,62.6
359,Bonavista,48.65,-53.11,25.38,10.36,100,76,CA,1547352155,25.38
360,Todos Santos,23.45,-110.23,67.12,4.7,72,5,MX,1547347380,68.0
361,Faya,18.39,42.45,53.6,9.17,87,0,SA,1547348400,53.6
362,Jalu,29.03,21.55,47.43,17.4,64,0,LY,1547352155,47.43
363,Lagoa,37.14,-8.45,48.2,5.82,83,0,PT,1547348400,48.2
364,Mae Sai,20.44,99.89,71.6,3.36,88,20,MM,1547348400,71.6
365,Samaipata,-18.18,-63.88,66.69,6.78,87,20,BO,1547352156,66.69
366,Lorengau,-2.02,147.27,83.43,13.44,99,76,PG,1547352157,83.43
367,Xuddur,4.12,43.89,64.71,12.1,75,0,SO,1547351620,64.71
368,Diffa,13.32,12.61,60.21,9.24,57,0,NE,1547352157,60.21
369,Xiongyue,40.18,122.12,30.69,6.29,76,0,CN,1547352157,30.69
370,Nehe,48.48,124.88,6.57,9.53,55,8,CN,1547352157,6.57
371,Fereydun Kenar,36.69,52.52,32.0,2.24,76,0,IR,1547348400,32.0
372,Tabou,4.42,-7.36,82.26,6.11,100,12,CI,1547352158,82.26
373,Muswellbrook,-32.27,150.89,85.41,9.35,66,0,AU,1547352158,85.41
374,Laguna,27.52,-110.01,59.31,2.59,68,0,MX,1547352158,59.31
375,Upernavik,72.79,-56.15,-5.77,9.35,100,32,GL,1547352159,-5.77
376,Kaeo,-35.1,173.78,77.31,9.8,51,92,NZ,1547352159,77.31
377,Polovinnoye,54.79,65.99,19.62,22.1,80,56,RU,1547352159,19.62
378,Marsa Matruh,31.35,27.25,48.2,17.22,81,0,EG,1547348400,48.2
379,Aklavik,68.22,-135.01,-32.81,3.36,66,20,CA,1547348400,-32.81
380,Sioux Lookout,50.1,-91.92,16.88,6.93,85,90,CA,1547348400,17.6
381,Jackville,5.21,-4.42,82.4,9.17,83,20,CI,1547350200,82.4
382,Bathsheba,13.22,-59.52,77.0,10.29,69,20,BB,1547348400,77.0
383,Ukiah,39.15,-123.21,48.92,3.2,83,75,US,1547348160,48.92
384,Nelson Bay,-32.72,152.14,78.8,13.87,65,40,AU,1547350200,78.8
385,Arraial do Cabo,-22.97,-42.02,76.5,13.27,90,0,BR,1547352161,76.5
386,Codrington,-28.95,153.24,86.52,12.75,45,40,AU,1547348400,89.6
387,Fort Nelson,58.81,-122.69,1.4,6.93,77,90,CA,1547348400,1.4
388,Inuvik,68.36,-133.71,-32.81,3.36,66,20,CA,1547348400,-32.81
389,Melfort,52.87,-104.61,8.6,6.93,92,1,CA,1547348400,8.6
390,Muros,42.77,-9.06,38.26,5.82,93,0,ES,1547350200,39.2
391,Oktyabrskiy,55.61,37.97,17.6,6.71,85,90,RU,1547350200,17.6
392,Villamontes,-21.26,-63.47,68.85,1.81,90,92,BO,1547352162,68.85
393,Solnechnyy,50.72,136.64,-7.57,3.31,62,36,RU,1547352163,-7.57
394,Whitehorse,60.72,-135.06,-5.81,2.48,83,90,CA,1547348400,-5.81
395,Longyearbyen,78.22,15.63,6.8,13.87,65,20,NO,1547347800,6.8
396,Novobureyskiy,49.8,129.88,5.94,3.83,74,68,RU,1547352163,5.94
397,Sur,22.57,59.53,69.75,4.38,100,8,OM,1547352164,69.75
398,Steinbach,49.53,-96.69,21.2,11.41,85,90,CA,1547348400,21.2
399,Mednogorsk,51.41,57.59,22.59,12.44,90,92,RU,1547352165,22.59
400,Prince Rupert,54.32,-130.32,44.6,3.36,93,90,CA,1547349600,44.6
401,Wanlaweyn,2.62,44.89,71.91,11.1,84,0,SO,1547352166,71.91
402,Amahai,-3.31,129.0,84.69,9.01,100,0,ID,1547352166,84.69
403,Boulogne-sur-Mer,50.73,1.61,50.0,11.41,87,90,FR,1547350200,50.0
404,Itarema,-2.92,-39.92,73.71,1.25,97,56,BR,1547352166,73.71
405,Manacor,39.57,3.21,33.8,7.52,100,20,ES,1547350200,33.8
406,Pisco,-13.71,-76.2,71.6,14.99,88,0,PE,1547348400,71.6
407,Cascais,38.7,-9.42,39.16,3.36,86,0,PT,1547348400,41.0
408,Brae,60.4,-1.35,48.2,27.51,87,92,GB,1547349600,48.2
409,Mozhga,56.44,52.22,17.82,8.57,94,56,RU,1547352168,17.82
410,Launceston,-41.43,147.14,78.8,8.05,24,0,AU,1547350200,78.8
411,Birao,10.3,22.78,62.64,5.5,62,0,CF,1547352168,62.64
412,Boyabat,41.47,34.77,29.7,2.26,90,92,TR,1547352168,29.7
413,Kargil,34.56,76.13,-1.09,0.85,75,68,PK,1547352168,-1.09
414,Methven,-43.63,171.65,60.39,6.51,93,76,NZ,1547352169,60.39
415,Toora-Khem,52.47,96.11,-11.62,2.26,66,0,RU,1547352169,-11.62
416,Boende,-0.28,20.88,74.79,2.71,95,32,CD,1547352169,74.79
417,North Platte,41.12,-100.77,24.98,5.5,92,90,US,1547351580,24.98
418,Torbay,47.66,-52.73,26.6,12.75,92,90,CA,1547348400,26.6
419,Tiznit,29.7,-9.73,48.06,4.76,78,0,MA,1547352170,48.06
420,Kandi,11.13,2.93,63.36,8.9,39,8,BJ,1547352170,63.36
421,Yulara,-25.24,130.99,109.4,13.87,8,0,AU,1547348400,109.4
422,Balabac,7.99,117.06,82.26,13.11,98,12,PH,1547352171,82.26
423,Jiujiang,29.73,115.99,45.99,4.72,100,76,CN,1547352171,45.99
424,Valle de Allende,26.94,-105.39,43.83,8.52,63,0,MX,1547352171,43.83
425,Batagay-Alyta,67.8,130.41,-36.19,4.05,0,20,RU,1547352171,-36.19
426,Matara,-13.74,-72.9,45.27,1.74,95,92,PE,1547352172,45.27
427,Batagay,67.65,134.64,-55.27,2.82,0,8,RU,1547352172,-55.27
428,Henderson,36.04,-114.98,51.73,3.36,37,90,US,1547351700,53.96
429,Kloulklubed,7.04,134.26,81.18,14.79,100,76,PW,1547352172,81.18
430,Amalapuram,16.58,82.0,71.6,4.7,83,0,IN,1547350200,71.6
431,Wakkanai,45.41,141.67,24.8,14.99,68,75,JP,1547348820,24.8
432,Omsukchan,62.53,155.8,-9.19,3.31,77,56,RU,1547352173,-9.19
433,Waipawa,-39.94,176.59,66.78,2.98,92,92,NZ,1547352173,66.78
434,Inongo,-1.93,18.29,72.81,3.53,98,32,CD,1547352174,72.81
435,Chik,54.99,82.44,-2.21,13.42,84,76,RU,1547350200,-2.21
436,Matamoros,25.87,-97.51,59.49,4.7,100,1,US,1547351580,62.06
437,Freeport,26.54,-78.7,75.78,9.91,99,92,BS,1547352016,75.78
438,Yablonovo,50.85,37.36,19.4,11.18,92,90,RU,1547350200,19.4
439,Aksu,52.04,76.93,-7.61,6.71,91,0,KZ,1547350200,-7.61
440,Southbridge,42.08,-72.03,18.07,4.7,56,1,US,1547351580,21.92
441,Strezhevoy,60.73,77.6,3.2,15.66,84,40,RU,1547350200,3.2
442,Erzin,36.95,36.2,47.46,14.99,61,0,TR,1547349600,48.2
443,Healesville,-37.65,145.52,79.83,17.22,41,0,AU,1547350200,80.6
444,Bahia Honda,22.9,-83.16,67.68,2.59,89,0,CU,1547352176,67.68
445,Fomboni,-12.28,43.74,83.43,11.92,100,56,KM,1547352176,83.43
446,Gao,16.28,-0.04,54.81,7.78,52,12,ML,1547352177,54.81
447,Aasiaat,68.71,-52.87,7.38,10.42,100,56,GL,1547352177,7.38
448,Barvinkove,48.91,37.03,22.41,10.02,90,76,UA,1547352177,22.41
449,Ancud,-41.87,-73.83,42.8,5.82,93,48,CL,1547348400,42.8
450,Whakatane,-37.96,176.99,68.49,11.43,100,56,NZ,1547352178,68.49
451,Quelimane,-17.88,36.89,78.8,3.36,83,20,MZ,1547348400,78.8
452,Mozarlandia,-14.74,-50.57,70.47,3.71,95,56,BR,1547352178,70.47
453,Raudeberg,61.99,5.14,42.8,14.99,93,92,NO,1547349600,42.8
454,Lubliniec,50.67,18.68,33.8,11.41,93,90,PL,1547350200,33.8
455,Hofn,64.25,-15.21,36.54,19.64,100,92,IS,1547352017,36.54
456,Pinega,64.7,43.39,25.38,5.73,91,80,RU,1547352179,25.38
457,Oktyabrskoye,56.73,85.44,-16.61,2.24,75,0,RU,1547350200,-16.61
458,Havre-Saint-Pierre,50.23,-63.6,15.8,9.17,72,90,CA,1547348400,15.8
459,Sorland,67.67,12.69,33.84,14.34,100,88,NO,1547352180,33.84
460,Trapani,38.02,12.54,51.8,17.22,66,20,IT,1547349600,53.6
461,Podgornoye,57.79,82.64,-11.35,7.23,76,44,RU,1547352180,-11.35
462,Stuhr,53.03,8.75,44.6,14.99,93,75,DE,1547349600,44.6
463,Balingasay,16.36,119.86,81.18,5.5,92,0,PH,1547352181,81.18
464,Alibag,18.64,72.88,69.8,6.93,53,0,IN,1547350200,71.6
465,Otradnoye,59.77,30.8,24.8,13.42,92,90,RU,1547350200,24.8
466,Aswan,24.09,32.9,47.07,2.75,95,24,EG,1547352182,47.07
467,Key Largo,25.09,-80.45,68.0,3.36,88,75,US,1547348700,68.0
468,Arawa,7.05,3.9,73.08,2.37,93,8,NG,1547352182,73.08
469,Elko,40.83,-115.76,19.04,4.7,87,90,US,1547349000,19.04
470,Mao,19.55,-71.08,71.55,6.78,94,48,DO,1547351883,71.55
471,Chicama,-7.84,-79.15,71.6,9.17,88,75,PE,1547348400,71.6
472,Yar-Sale,66.83,70.83,5.76,21.65,90,88,RU,1547352183,5.76
473,Bilma,18.69,12.92,51.93,15.95,32,32,NE,1547352183,51.93
474,Tibati,6.47,12.63,66.06,8.34,40,12,CM,1547352183,66.06
475,Andijan,40.76,72.37,28.53,4.47,79,0,UZ,1547350200,30.2
476,Mareeba,-16.99,145.42,87.8,17.22,58,8,AU,1547350200,87.8
477,Camacha,33.08,-16.33,63.64,18.34,63,75,PT,1547348400,64.4
478,La Ronge,55.1,-105.3,19.4,5.82,79,75,CA,1547348400,19.4
479,Kerrville,30.05,-99.14,41.52,7.78,73,1,US,1547350500,43.7
480,Haines Junction,60.75,-137.51,-20.35,2.08,26,36,CA,1547352185,-20.35
481,Vardo,39.62,-77.74,28.72,4.99,95,90,US,1547351580,30.2
482,Kichera,55.93,110.1,-8.38,2.19,73,44,RU,1547352185,-8.38
483,Verkhnyaya Inta,65.99,60.32,7.02,3.49,76,64,RU,1547352185,7.02
484,Duluth,46.77,-92.13,27.21,3.36,79,90,US,1547351700,28.4
485,Kamina,-8.74,25.0,65.79,3.27,99,80,CD,1547352186,65.79
486,Saint-Pierre,48.95,4.24,45.19,12.75,100,90,FR,1547350200,46.4
487,Bredy,52.43,60.33,19.62,19.53,87,92,RU,1547352186,19.62
488,Puerto Ayacucho,5.66,-67.63,77.76,4.88,74,92,CO,1547352187,77.76
489,Ajdabiya,30.75,20.22,50.13,14.56,94,92,LY,1547352187,50.13
490,Mangrol,25.33,76.51,52.47,2.82,80,0,IN,1547352187,52.47
491,Qaqortoq,60.72,-46.03,32.0,8.05,96,92,GL,1547347800,32.0
492,Hami,42.84,93.51,13.59,4.38,71,92,CN,1547352188,13.59
493,Deputatskiy,69.3,139.9,-31.69,2.82,0,48,RU,1547352188,-31.69
494,Lethem,3.38,-59.8,80.64,12.93,60,0,GY,1547352188,80.64
495,Chumikan,54.72,135.31,1.08,3.98,62,44,RU,1547352188,1.08
496,Grand-Santi,4.27,-54.38,71.91,2.3,99,76,GF,1547352189,71.91
497,Doha,25.29,51.53,57.88,2.24,72,0,QA,1547350200,60.8
498,Saint-Georges,46.12,-70.67,2.61,5.77,56,0,CA,1547352190,2.61
499,Kautokeino,69.01,23.04,16.38,3.83,80,48,NO,1547352190,16.38
500,Alice Springs,-23.7,133.88,105.8,19.46,12,0,AU,1547350260,105.8
501,Aurangabad,19.87,75.33,59.0,1.97,58,0,IN,1547348400,59.0
502,Hubli,15.35,75.17,71.6,10.58,53,0,IN,1547348400,71.6
503,Encruzilhada,-15.53,-40.91,68.58,6.06,86,0,BR,1547352190,68.58
504,Green River,41.53,-109.47,15.08,3.36,90,90,US,1547348040,15.08
505,Jumla,29.28,82.18,20.61,2.08,97,92,NP,1547352191,20.61
506,Oranjemund,-28.55,16.43,65.07,9.86,93,92,ZA,1547352191,65.07
507,Pyatnitskoye,54.34,35.89,17.6,2.24,92,80,RU,1547348400,17.6
508,Mundi,32.37,76.01,34.38,1.07,86,88,IN,1547352192,34.38
509,Sarakhs,36.54,61.16,44.6,18.34,39,0,TM,1547348400,44.6
510,Black River,18.03,-77.85,77.0,4.7,73,20,JM,1547348400,77.0
511,San Patricio,-26.98,-56.83,74.88,3.87,95,8,PY,1547351338,74.88
512,Salalah,17.01,54.1,69.8,6.93,35,0,OM,1547347800,69.8
513,Carberry,49.87,-99.36,15.8,12.75,85,90,CA,1547348400,15.8
514,Nabire,-3.36,135.5,77.4,2.59,92,48,ID,1547352194,77.4
515,Dukat,42.44,22.31,16.02,1.36,93,68,RS,1547352194,16.02
516,Touros,-5.2,-35.46,77.0,2.24,88,40,BR,1547348400,77.0
517,Namie,37.52,140.86,40.03,11.41,48,20,JP,1547348400,41.0
518,Rongcheng,37.16,122.42,43.29,4.72,64,0,CN,1547352195,43.29
519,Srandakan,-7.94,110.25,83.34,4.27,86,8,ID,1547352132,83.34
520,Ketchikan,55.34,-131.65,47.07,10.29,81,90,US,1547350200,48.92
521,Sabzevar,36.21,57.68,19.08,2.26,68,0,IR,1547352196,19.08
522,Eyl,7.98,49.82,74.25,18.7,94,92,SO,1547352196,74.25
523,Thinadhoo,0.53,72.93,82.26,8.57,100,20,MV,1547352196,82.26
524,Manicore,-5.81,-61.3,76.32,2.04,90,12,BR,1547352196,76.32
525,Djibo,14.1,-1.63,59.67,9.53,30,0,BF,1547352196,59.67
526,Bulawayo,-20.16,28.59,62.1,3.04,88,0,ZW,1547352197,62.1
527,Kitimat,54.02,-128.69,35.6,9.17,93,90,CA,1547348400,35.6
528,Paamiut,61.99,-49.67,32.49,23.96,97,92,GL,1547352197,32.49
529,Bullhead City,35.15,-114.57,54.79,4.27,38,75,US,1547350500,59.0
530,Adre,13.47,22.2,55.35,3.2,60,0,TD,1547352198,55.35
531,Synya,65.37,58.04,14.49,11.36,81,76,RU,1547352198,14.49
532,Orocue,4.79,-71.34,89.73,12.44,37,92,CO,1547352198,89.73
533,Inta,66.04,60.13,12.96,3.98,76,80,RU,1547352199,12.96
534,Pirgos,35.12,25.72,48.2,3.36,93,75,GR,1547351400,48.2
535,Mattru,7.62,-11.83,77.58,4.61,77,64,SL,1547352199,77.58
536,Am Timan,11.04,20.28,63.18,5.39,38,8,TD,1547352199,63.18
537,Tolaga Bay,-38.37,178.3,67.68,16.4,77,76,NZ,1547352200,67.68
538,Luderitz,-26.65,15.16,59.85,4.76,90,12,NA,1547352200,59.85
539,Sosnovo-Ozerskoye,52.53,111.54,-10.9,3.2,65,32,RU,1547352200,-10.9
540,Ushtobe,45.25,77.98,1.71,2.86,48,0,KZ,1547352200,1.71
541,Ca Mau,9.18,105.15,84.24,16.58,77,24,VN,1547352201,84.24
542,Paka,45.29,18.06,32.0,3.36,75,0,HR,1547350200,32.0
543,San Fernando,-34.58,-70.99,66.2,5.82,45,48,CL,1547348400,66.2
544,Bage,10.95,11.38,61.83,8.08,47,8,NG,1547352202,61.83
545,Pemba,-12.97,40.52,77.0,10.29,88,75,MZ,1547348400,77.0
